Ticker, Date, Alpha,Beta,StandardDeviation,RSquared,SharpeRatio,TreynorRatio,TrackingError,InformationRatio,SortinoRatio,Momentum,AnnualizedReturn,UpsideCapture,DownsideCapture
PSA,2014-10-31,10.66,0.78,17.95,32.25,1.3,0.3,15.06,0.71,2.43,193.99,24.07,95.26,32.9
PWR,2014-10-31,1.34,0.66,22.9,14.32,0.53,0.18,21.66,0.06,0.82,60.75,9.96,76.51,77.92
ROP,2014-10-31,9.34,0.97,17.96,50.51,1.4,0.26,12.64,0.74,2.8,222.33,26.37,114.74,72.8
UNP,2014-10-31,16.12,1.02,18.58,52.27,1.76,0.32,12.84,1.26,3.02,365.17,35.99,128.59,40.39
SJM,2014-10-31,7.29,0.63,17.1,23.36,1.02,0.28,15.74,0.46,2.09,122.95,17.39,86.65,62.84
TSCO,2014-10-31,23.92,1.1,25.91,31.17,1.61,0.38,21.53,1.11,3.26,569.82,46.28,158.13,51.41
WY,2014-10-31,-0.35,1.52,27.72,52.24,0.88,0.16,20.36,-0.02,1.55,179.85,22.85,160.43,193.17
ATI,2014-10-31,-22.04,2.06,41.46,42.59,0.27,0.06,34.36,-0.64,0.45,16.08,3.03,157.34,316.9
CA,2014-10-31,-10.05,1.34,24.14,52.93,0.48,0.09,17.14,-0.59,0.97,56.34,9.35,93.0,135.13
GNCMA,2014-10-31,2.24,1.05,36.43,14.35,0.53,0.18,33.72,0.07,1.0,90.73,13.78,97.93,127.97
ETFC,2014-10-31,-19.9,2.21,38.74,56.26,0.41,0.07,30.17,-0.66,0.61,52.74,8.84,152.87,273.07
DO,2014-10-31,-31.56,1.35,28.1,39.73,-0.34,-0.07,22.28,-1.42,-0.52,-49.42,-12.74,46.71,214.88
IFF,2014-10-31,8.48,0.88,17.13,45.15,1.33,0.26,12.79,0.66,2.2,187.64,23.53,113.13,88.86
EL,2014-10-31,10.23,1.17,24.98,37.79,1.17,0.25,19.82,0.52,1.85,266.22,29.64,120.86,67.47
FAST,2014-10-31,7.24,1.01,25.31,27.77,0.94,0.23,21.51,0.34,1.71,178.79,22.76,120.94,110.73
GIS,2014-10-31,9.85,0.19,12.84,3.6,1.0,0.69,16.54,0.6,1.81,82.74,12.82,52.05,8.63
GOOGL,2014-10-31,-0.68,1.17,26.39,34.22,0.7,0.16,21.53,-0.03,1.46,111.84,16.2,108.58,105.4
FCX,2014-10-31,-27.75,2.11,39.69,48.88,0.16,0.03,31.92,-0.87,0.26,-6.11,-1.25,94.74,233.74
GD,2014-10-31,0.08,1.12,20.01,54.13,0.91,0.16,13.65,0.01,1.33,125.22,17.63,107.11,103.42
IP,2014-10-31,-1.2,1.45,25.29,56.71,0.88,0.15,17.66,-0.07,1.31,159.69,21.03,149.59,175.98
BBSI,2014-10-31,7.63,1.2,46.02,11.68,0.59,0.23,43.33,0.18,0.83,123.04,17.4,113.11,118.57
IPG,2014-10-31,-1.33,1.99,34.86,56.33,0.89,0.16,26.47,-0.05,1.58,249.45,28.43,183.49,205.44
IRM,2014-10-31,2.76,0.86,28.12,16.23,0.6,0.19,25.8,0.11,0.9,89.72,13.66,104.43,133.86
LH,2014-10-31,-0.81,0.69,15.85,33.05,0.66,0.15,13.58,-0.06,0.99,58.64,9.67,70.97,87.44
KORS,2014-10-31,N/A,N/A,N/A,N/A,N/A,N/A,N/A,N/A,N/A,N/A,N/A,N/A,N/A
MAS,2014-10-31,-10.77,1.95,35.59,51.6,0.59,0.11,27.71,-0.39,0.97,108.25,15.8,152.32,221.95
MCD,2014-10-31,7.7,0.34,11.81,14.53,1.12,0.39,13.92,0.55,1.79,87.51,13.4,49.89,12.13
MHK,2014-10-31,2.98,1.59,31.29,44.84,0.92,0.18,24.52,0.12,1.66,231.64,27.1,172.4,171.96
MU,2014-10-31,15.72,1.63,46.28,21.45,0.91,0.26,41.85,0.38,1.79,387.33,37.27,226.43,216.18
NI,2014-10-31,21.04,0.49,15.24,17.84,1.9,0.59,15.35,1.37,3.55,297.62,31.79,99.99,-8.97
CVD,2014-10-31,-1.93,0.89,27.87,17.58,0.45,0.14,25.34,-0.08,0.68,54.61,9.11,69.28,78.94
FFIN,2014-10-31,-0.7,1.14,21.01,51.06,0.85,0.16,14.82,-0.05,1.81,119.2,17.0,118.37,141.33
FBC,2014-10-31,-50.6,2.23,63.66,21.19,-0.23,-0.06,58.78,-0.86,-0.38,-82.53,-29.46,65.79,417.39
LHCG,2014-10-31,-18.73,1.3,32.36,27.77,0.07,0.02,27.78,-0.67,0.15,-12.76,-2.69,97.2,237.74
EXPE,2014-10-31,15.02,0.9,36.95,10.14,0.8,0.33,35.05,0.43,1.28,211.06,25.48,86.07,-8.42
ARG,2014-10-31,12.41,0.68,27.78,10.4,0.85,0.34,26.62,0.47,1.85,174.3,22.36,100.85,36.69
GGP,2014-10-31,26.67,1.8,54.25,18.99,1.03,0.31,49.94,0.53,3.12,791.54,54.89,214.95,146.94
IR,2014-10-31,-5.2,1.4,26.88,46.59,0.65,0.13,20.32,-0.26,1.05,99.85,14.85,123.22,169.89
LEG,2014-10-31,2.87,1.15,23.89,40.06,0.9,0.19,18.6,0.15,1.66,154.75,20.57,129.68,140.09
LLTC,2014-10-31,-4.39,1.21,21.6,54.36,0.71,0.13,14.85,-0.3,1.2,91.47,13.87,114.05,153.1
MYL,2014-10-31,7.77,1.22,27.29,34.71,1.01,0.23,22.25,0.35,1.69,229.74,26.95,142.78,117.51
TIF,2014-10-31,-4.0,1.77,31.88,52.97,0.77,0.14,24.07,-0.17,1.31,167.41,21.74,144.3,186.74
CST,2014-10-31,N/A,N/A,N/A,N/A,N/A,N/A,N/A,N/A,N/A,N/A,N/A,N/A,N/A
DSW,2014-10-31,11.26,1.21,37.22,18.33,0.83,0.26,33.76,0.33,1.39,231.36,27.07,126.23,113.39
DRTX,2014-10-31,N/A,N/A,N/A,N/A,N/A,N/A,N/A,N/A,N/A,N/A,N/A,N/A,N/A
ENR,2014-10-31,2.6,0.94,24.9,24.48,0.72,0.19,21.65,0.12,1.32,109.43,15.93,104.06,103.7
EXAS,2014-10-31,34.9,1.35,49.16,13.04,1.16,0.42,46.07,0.76,3.73,874.49,57.67,202.62,49.81
GGG,2014-10-31,-1.94,1.77,28.11,68.1,0.95,0.15,18.79,-0.1,1.81,212.26,25.58,165.73,188.75
STL,2014-10-31,-5.96,1.35,26.92,43.56,0.59,0.12,20.74,-0.29,1.08,86.9,13.32,113.43,162.73
ZINC,2014-10-31,-17.75,2.25,41.71,50.27,0.45,0.08,33.7,-0.53,0.64,64.85,10.51,166.97,294.84
INDB,2014-10-31,3.2,0.91,21.06,32.51,0.86,0.2,17.34,0.18,1.57,120.85,17.17,96.8,94.37
MDR,2014-10-31,-60.84,2.05,48.02,31.58,-0.57,-0.13,42.07,-1.45,-0.63,-88.48,-35.1,54.86,485.17
MCGC,2014-10-31,-8.4,1.28,31.54,28.42,0.39,0.1,26.93,-0.31,0.77,46.35,7.91,84.02,144.82
MTZ,2014-10-31,4.84,1.19,35.67,19.19,0.68,0.2,32.16,0.15,1.11,142.71,19.4,123.13,157.48
MDAS,2014-10-31,-12.08,1.16,38.65,15.63,0.18,0.06,35.57,-0.34,0.36,-1.28,-0.26,67.96,156.88
ALOG,2014-10-31,2.46,0.92,25.87,21.62,0.67,0.19,22.93,0.11,1.38,102.17,15.12,91.09,93.78
AVA,2014-10-31,3.4,0.67,16.96,27.2,0.85,0.21,15.09,0.23,1.34,90.73,13.78,79.25,70.3
ATMI,2014-10-31,N/A,N/A,N/A,N/A,N/A,N/A,N/A,N/A,N/A,N/A,N/A,N/A,N/A
CJES,2014-10-31,N/A,N/A,N/A,N/A,N/A,N/A,N/A,N/A,N/A,N/A,N/A,N/A,N/A
MLR,2014-10-31,5.69,0.87,27.54,17.34,0.72,0.23,25.09,0.23,1.17,123.47,17.45,112.25,127.72
BWA,2014-10-31,5.82,1.58,30.63,45.66,1.02,0.2,23.81,0.24,1.82,279.49,30.57,158.65,146.82
AEP,2014-10-31,12.56,0.39,14.75,12.1,1.28,0.48,15.98,0.79,2.13,143.2,19.45,74.42,15.56
CPE,2014-10-31,17.93,2.03,70.7,14.27,0.72,0.25,66.85,0.27,1.4,310.0,32.6,179.57,196.41
BLK,2014-10-31,-11.13,1.45,25.31,56.83,0.49,0.09,17.66,-0.63,0.87,59.48,9.78,112.86,169.53
CELG,2014-10-31,14.65,1.09,26.86,28.58,1.21,0.3,22.73,0.64,2.15,319.55,33.22,153.2,99.46
CSV,2014-10-31,24.74,0.9,32.86,13.0,1.2,0.44,30.67,0.81,2.69,444.46,40.34,160.02,59.8
CECO,2014-10-31,-40.26,2.63,76.92,20.15,0.03,0.01,71.99,-0.56,0.06,-72.17,-22.57,92.95,408.28
CLDX,2014-10-31,9.08,2.72,76.18,22.08,0.7,0.2,70.96,0.13,1.47,284.17,30.89,260.76,330.74
N,2014-10-31,29.32,1.25,40.98,16.08,1.21,0.4,37.69,0.78,1.95,677.81,50.72,138.53,2.73
CNK,2014-10-31,7.8,1.11,25.1,33.79,1.03,0.23,20.47,0.38,1.69,209.32,25.34,127.52,100.94
CNL,2014-10-31,11.79,0.51,16.3,17.23,1.24,0.39,16.14,0.73,1.64,155.33,20.62,88.59,42.29
CYH,2014-10-31,-6.91,1.62,41.11,26.88,0.47,0.12,36.09,-0.19,0.9,75.74,11.94,120.24,186.71
CRVL,2014-10-31,-9.05,1.2,34.69,20.58,0.3,0.09,31.02,-0.29,0.36,20.77,3.85,106.12,210.53
CRK,2014-10-31,-35.88,1.4,45.15,16.57,-0.29,-0.09,41.57,-0.86,-0.42,-70.01,-21.41,49.49,320.13
CR,2014-10-31,-2.27,1.47,25.54,57.23,0.85,0.15,17.81,-0.13,1.47,150.59,20.17,137.34,154.41
CYBX,2014-10-31,19.06,0.77,34.66,8.54,0.91,0.41,33.28,0.57,2.07,263.07,29.42,124.02,62.83
MORN,2014-10-31,-1.92,0.61,18.62,18.65,0.43,0.13,17.55,-0.11,0.69,37.36,6.55,43.37,52.74
DV,2014-10-31,-16.02,1.39,40.02,20.85,0.16,0.05,35.97,-0.45,0.2,-8.94,-1.86,74.48,167.04
DAKT,2014-10-31,2.01,1.34,38.58,20.77,0.62,0.18,34.63,0.06,1.12,127.62,17.88,124.41,178.65
DK,2014-10-31,20.04,1.52,44.61,20.14,1.0,0.29,40.45,0.5,1.78,473.86,41.83,204.21,160.13
ECHO,2014-10-31,10.21,0.57,33.15,5.04,0.59,0.34,32.8,0.31,0.88,100.23,14.9,68.87,5.7
PERY,2014-10-31,-6.97,1.55,41.84,23.84,0.44,0.12,37.23,-0.19,0.53,57.02,9.44,123.19,232.19
DIN,2014-10-31,6.02,2.0,42.1,38.79,0.91,0.19,35.44,0.17,2.04,350.33,35.12,165.93,152.82
PCL,2014-10-31,-5.05,1.01,19.01,48.98,0.6,0.11,13.58,-0.37,0.94,61.87,10.11,97.57,139.92
POM,2014-10-31,13.91,0.33,18.06,5.63,1.06,0.59,19.65,0.71,2.54,142.0,19.33,73.4,12.29
STT,2014-10-31,-7.06,1.44,25.75,53.9,0.63,0.11,18.41,-0.38,1.07,92.57,14.0,109.08,143.99
ENZN,2014-10-31,-27.37,1.16,43.48,12.25,-0.2,-0.07,40.78,-0.67,-0.34,-58.39,-16.08,30.59,212.39
FRM,2014-10-31,-4.45,1.83,46.32,26.95,0.55,0.14,41.07,-0.11,0.92,108.94,15.88,157.06,250.12
FXEN,2014-10-31,-15.39,2.41,67.37,22.18,0.35,0.1,62.27,-0.25,0.61,12.78,2.43,163.39,367.88
MOH,2014-10-31,6.67,1.73,39.46,33.33,0.88,0.2,33.63,0.2,1.5,289.74,31.27,205.28,225.29
GLUU,2014-10-31,14.19,2.35,73.98,17.46,0.71,0.22,69.53,0.2,1.45,272.12,30.06,175.06,214.21
FIO,2014-10-31,N/A,N/A,N/A,N/A,N/A,N/A,N/A,N/A,N/A,N/A,N/A,N/A,N/A
PANW,2014-10-31,N/A,N/A,N/A,N/A,N/A,N/A,N/A,N/A,N/A,N/A,N/A,N/A,N/A
PIR,2014-10-31,5.98,1.74,39.91,32.75,0.86,0.2,34.13,0.18,1.53,276.77,30.38,170.77,180.94
PLXS,2014-10-31,-13.92,1.89,37.76,43.11,0.44,0.09,30.77,-0.45,0.82,63.44,10.32,155.88,246.33
POL,2014-10-31,15.48,1.8,34.4,47.55,1.3,0.25,27.06,0.57,2.48,591.26,47.21,217.35,155.89
PRLB,2014-10-31,N/A,N/A,N/A,N/A,N/A,N/A,N/A,N/A,N/A,N/A,N/A,N/A,N/A
PRIM,2014-10-31,9.86,1.5,34.83,32.22,0.98,0.23,29.44,0.34,1.78,309.62,32.58,158.94,149.27
RAVN,2014-10-31,6.64,0.83,29.99,13.29,0.67,0.24,28.01,0.24,1.51,120.82,17.17,91.87,90.59
PBYI,2014-10-31,N/A,N/A,N/A,N/A,N/A,N/A,N/A,N/A,N/A,N/A,N/A,N/A,N/A
PVTB,2014-10-31,6.29,1.73,44.06,26.7,0.78,0.2,38.93,0.16,1.56,258.77,29.11,157.48,146.64
PB,2014-10-31,-5.58,1.26,23.65,49.13,0.63,0.12,17.21,-0.32,1.04,83.97,12.97,97.18,127.33
RDI,2014-10-31,18.06,0.21,25.27,1.16,0.85,1.03,27.19,0.66,2.57,151.77,20.28,62.47,-0.34
RBC,2014-10-31,-9.79,1.41,27.0,46.85,0.48,0.09,20.4,-0.48,0.71,60.38,9.91,122.31,205.45
REV,2014-10-31,7.77,2.34,68.84,19.91,0.66,0.2,64.06,0.12,2.15,310.62,32.64,211.39,210.48
SAPE,2014-10-31,2.77,1.11,29.74,24.01,0.7,0.19,25.96,0.11,1.4,128.43,17.96,111.81,100.24
SPNS,2014-10-31,20.38,1.77,49.77,21.8,0.99,0.28,45.15,0.45,1.88,538.13,44.87,203.74,145.53
SBNY,2014-10-31,16.63,0.78,21.32,23.32,1.38,0.37,18.89,0.88,2.41,283.75,30.86,106.53,24.4
SGY,2014-10-31,-19.13,2.57,52.33,41.53,0.43,0.09,45.0,-0.43,0.85,59.82,9.83,144.43,287.3
SUBK,2014-10-31,-11.8,0.89,33.58,12.04,0.08,0.03,31.53,-0.37,0.1,-14.8,-3.15,75.35,195.73
STLD,2014-10-31,-11.93,1.77,34.48,45.63,0.49,0.1,27.37,-0.44,0.81,73.82,11.69,122.76,199.66
TGE,2014-10-31,-16.5,1.66,53.58,16.53,0.19,0.06,49.7,-0.33,0.36,-14.81,-3.16,75.96,176.1
TXRH,2014-10-31,13.68,0.79,22.06,21.95,1.2,0.34,19.69,0.69,1.8,230.16,26.98,110.87,70.83
TFX,2014-10-31,4.24,1.01,19.87,44.68,1.04,0.2,14.78,0.29,1.7,154.03,20.5,108.24,73.71
UGI,2014-10-31,11.44,0.64,15.87,27.83,1.37,0.34,14.3,0.8,2.22,177.79,22.67,90.58,34.01
UPIP,2014-10-31,-12.29,1.05,53.76,6.53,0.09,0.04,51.97,-0.24,0.23,-31.72,-7.35,37.39,173.62
VNTV,2014-10-31,N/A,N/A,N/A,N/A,N/A,N/A,N/A,N/A,N/A,N/A,N/A,N/A,N/A
VRTU,2014-10-31,6.7,1.94,40.31,39.99,0.95,0.2,33.58,0.2,1.92,356.35,35.47,200.17,185.74
VSAT,2014-10-31,0.32,1.28,35.69,22.22,0.59,0.16,31.69,0.01,1.19,114.89,16.53,95.81,91.93
VSH,2014-10-31,-9.14,2.27,45.49,42.95,0.61,0.12,38.19,-0.24,1.3,145.43,19.67,203.5,333.04
ZAGG,2014-10-31,-4.76,2.06,71.56,14.37,0.4,0.14,67.68,-0.07,0.64,20.0,3.71,100.09,172.67
DXPE,2014-10-31,21.77,1.49,45.55,18.45,1.01,0.31,41.63,0.52,1.51,477.44,42.0,153.25,74.06
GOOG,2014-10-31,N/A,N/A,N/A,N/A,N/A,N/A,N/A,N/A,N/A,N/A,N/A,N/A,N/A
ERII,2014-10-31,-6.79,0.98,51.09,6.37,0.18,0.09,49.44,-0.14,0.28,-17.92,-3.87,91.99,228.09
ECYT,2014-10-31,N/A,N/A,N/A,N/A,N/A,N/A,N/A,N/A,N/A,N/A,N/A,N/A,N/A
ENS,2014-10-31,-1.29,1.68,30.2,53.19,0.86,0.15,22.49,-0.06,1.24,188.04,23.56,164.09,212.88
AEL,2014-10-31,5.61,1.7,30.71,52.92,1.08,0.2,22.99,0.24,1.79,313.17,32.81,181.18,171.03
HCP,2014-10-31,4.98,0.59,19.25,16.46,0.76,0.25,18.38,0.27,1.28,89.89,13.68,70.47,41.88
HIG,2014-10-31,-14.62,1.88,30.97,63.65,0.51,0.08,21.96,-0.67,0.87,74.88,11.83,141.45,211.95
CBF,2014-10-31,N/A,N/A,N/A,N/A,N/A,N/A,N/A,N/A,N/A,N/A,N/A,N/A,N/A
HPQ,2014-10-31,-22.38,1.5,34.31,33.07,0.06,0.01,28.83,-0.78,0.1,-17.31,-3.73,83.62,219.22
BMTC,2014-10-31,2.7,0.96,21.32,35.32,0.86,0.19,17.15,0.16,1.54,123.86,17.49,97.89,91.19
ACHN,2014-10-31,43.01,2.38,109.29,8.16,0.75,0.34,106.28,0.4,2.17,607.83,47.91,242.79,211.62
PFG,2014-10-31,-6.83,1.72,27.22,69.13,0.78,0.12,17.85,-0.38,1.54,140.32,19.17,150.8,197.74
ATW,2014-10-31,-20.23,1.69,30.62,52.88,0.24,0.04,22.91,-0.88,0.37,14.54,2.75,96.61,210.03
BBT,2014-10-31,-2.99,1.04,20.87,42.73,0.66,0.13,15.8,-0.19,0.94,79.58,12.42,96.72,121.32
ACM,2014-10-31,-16.28,1.61,30.66,47.49,0.32,0.06,23.61,-0.69,0.42,28.96,5.22,114.57,210.35
PXD,2014-10-31,13.04,1.41,32.3,32.98,1.11,0.25,26.99,0.48,2.0,361.75,35.79,149.91,106.44
CBG,2014-10-31,-4.12,2.05,36.52,54.55,0.8,0.14,28.24,-0.15,1.35,209.18,25.33,190.71,242.36
CERN,2014-10-31,16.98,0.59,21.73,12.61,1.22,0.45,21.02,0.81,2.22,233.19,27.22,97.13,20.53
QCOM,2014-10-31,-1.99,1.18,22.83,46.12,0.75,0.15,16.93,-0.12,1.34,107.56,15.73,103.88,121.36
INWK,2014-10-31,6.18,0.8,39.17,7.23,0.49,0.24,37.82,0.16,0.66,76.31,12.01,80.89,72.81
BWS,2014-10-31,11.16,1.17,43.53,12.49,0.69,0.26,40.78,0.27,1.25,183.39,23.16,137.04,167.1
JCI,2014-10-31,-7.52,1.67,28.52,59.34,0.69,0.12,20.22,-0.37,1.2,118.48,16.92,142.56,195.96
JNJ,2014-10-31,7.26,0.55,13.5,29.14,1.2,0.29,12.78,0.57,2.32,115.3,16.58,74.84,39.17
JWN,2014-10-31,0.68,1.31,26.29,43.09,0.84,0.17,20.25,0.03,1.17,152.82,20.38,125.7,148.15
TDC,2014-10-31,-0.81,0.85,30.92,13.06,0.42,0.15,28.9,-0.03,0.8,51.79,8.71,67.93,93.62
TRV,2014-10-31,4.08,0.87,17.3,43.74,1.05,0.21,13.09,0.31,2.06,130.79,18.21,97.54,79.45
K,2014-10-31,0.42,0.49,14.87,19.05,0.57,0.17,14.94,0.03,1.02,44.7,7.67,66.06,88.15
AMSC,2014-10-31,-68.88,1.31,53.0,10.61,-0.9,-0.36,50.28,-1.37,-1.27,-96.09,-47.71,-97.76,301.39
T,2014-10-31,5.5,0.44,14.58,15.82,0.87,0.29,15.26,0.36,1.5,78.91,12.34,60.13,36.86
AA,2014-10-31,-15.62,1.72,32.84,47.58,0.38,0.07,25.61,-0.61,0.55,42.44,7.33,129.34,230.56
CB,2014-10-31,7.8,0.61,13.47,35.02,1.31,0.29,12.03,0.65,1.75,130.52,18.18,81.46,44.2
LOW,2014-10-31,6.94,1.2,24.66,41.21,1.07,0.22,19.1,0.36,1.66,220.88,26.26,132.06,115.01
MHFI,2014-10-31,10.75,1.08,24.27,34.3,1.17,0.26,19.7,0.55,1.56,252.48,28.66,126.14,62.68
ACE,2014-10-31,5.7,0.8,15.16,47.93,1.23,0.23,11.25,0.51,2.06,139.86,19.12,88.85,54.65
ADI,2014-10-31,-1.2,1.2,20.83,56.97,0.88,0.15,13.91,-0.09,1.52,123.37,17.44,121.41,149.99
ADBE,2014-10-31,-2.56,1.28,25.16,44.74,0.72,0.14,19.06,-0.13,1.36,112.87,16.31,124.65,153.9
BF_B,2014-10-31,13.13,0.67,16.88,26.82,1.42,0.36,15.1,0.87,2.78,206.63,25.12,91.33,33.74
ADSK,2014-10-31,-7.52,1.84,34.07,50.62,0.66,0.12,26.39,-0.29,1.3,130.81,18.21,165.03,224.44
AET,2014-10-31,10.26,1.05,24.25,32.15,1.12,0.26,19.98,0.51,1.97,235.54,27.39,119.33,68.15
BRCM,2014-10-31,-2.84,1.06,29.05,23.0,0.49,0.14,25.5,-0.11,0.79,66.61,10.75,102.77,162.56
CCL,2014-10-31,-8.37,1.27,26.02,41.2,0.47,0.1,20.27,-0.41,0.85,56.9,9.43,78.28,97.3
COV,2014-10-31,3.71,0.99,22.14,34.21,0.89,0.2,17.96,0.21,1.56,137.44,18.88,107.07,108.48
DD,2014-10-31,-1.13,1.4,23.08,63.91,0.94,0.15,14.85,-0.08,1.61,158.6,20.93,125.85,127.19
CCE,2014-10-31,11.28,1.03,20.16,44.91,1.39,0.27,14.97,0.75,2.81,264.39,29.51,131.44,84.15
BA,2014-10-31,6.92,1.05,21.35,41.73,1.12,0.23,16.31,0.42,2.01,194.45,24.11,123.42,84.09
AN,2014-10-31,12.46,0.96,28.28,19.76,0.99,0.29,25.34,0.49,1.71,232.13,27.13,116.87,85.21
BAC,2014-10-31,-15.93,1.59,35.96,33.97,0.28,0.06,30.25,-0.53,0.46,20.04,3.72,121.5,233.86
BK,2014-10-31,-8.55,1.27,23.72,49.64,0.51,0.1,17.2,-0.5,0.75,59.37,9.77,101.97,165.84
CAT,2014-10-31,-8.1,1.65,29.21,54.88,0.64,0.11,21.38,-0.38,1.2,107.09,15.67,125.6,174.35
LSI,2014-10-31,N/A,N/A,N/A,N/A,N/A,N/A,N/A,N/A,N/A,N/A,N/A,N/A,N/A
CBS,2014-10-31,6.82,1.82,29.91,64.07,1.22,0.2,20.93,0.33,2.36,388.94,37.36,197.78,175.95
NRG,2014-10-31,-0.81,0.6,24.22,10.77,0.37,0.15,23.46,-0.03,0.64,36.15,6.37,71.16,107.26
CINF,2014-10-31,6.82,0.79,15.43,44.77,1.27,0.25,11.81,0.58,2.97,150.21,20.13,92.64,62.59
CTXS,2014-10-31,-10.47,1.75,37.8,37.17,0.48,0.1,31.56,-0.33,0.85,74.73,11.81,108.15,158.01
M,2014-10-31,13.91,0.93,26.51,21.29,1.09,0.31,23.54,0.59,1.82,256.91,28.98,109.26,50.09
RAI,2014-10-31,12.82,0.49,15.89,16.73,1.31,0.42,15.95,0.8,2.61,165.5,21.57,85.22,23.7
DPS,2014-10-31,22.77,0.02,17.09,0.03,1.35,10.65,21.38,1.06,2.94,194.4,24.1,75.75,-7.33
EA,2014-10-31,5.75,1.04,36.79,13.69,0.61,0.22,34.18,0.17,1.52,124.62,17.57,108.43,101.89
CNX,2014-10-31,-23.61,1.71,34.9,41.47,0.12,0.02,28.28,-0.83,0.17,-9.24,-1.92,92.98,246.12
MWV,2014-10-31,-3.08,1.44,25.4,55.15,0.8,0.14,17.95,-0.17,1.33,134.11,18.55,141.26,172.09
LLY,2014-10-31,11.77,0.44,14.04,17.34,1.35,0.43,14.7,0.8,3.16,145.63,19.69,69.42,3.56
THC,2014-10-31,-0.28,1.85,46.58,27.3,0.64,0.16,41.27,-0.01,1.52,173.68,22.31,168.99,199.04
EQR,2014-10-31,10.65,0.75,19.79,24.71,1.15,0.3,17.48,0.61,1.99,182.83,23.11,101.23,62.02
MCO,2014-10-31,10.57,1.49,29.39,44.18,1.18,0.23,22.87,0.46,1.94,351.85,35.21,171.1,132.35
MDT,2014-10-31,-1.18,1.13,20.03,55.12,0.86,0.15,13.53,-0.09,1.51,113.95,16.43,115.34,126.81
MMM,2014-10-31,1.07,1.09,17.3,68.79,1.09,0.17,9.74,0.11,1.45,136.83,18.82,117.27,123.03
NKE,2014-10-31,12.65,0.79,21.98,22.04,1.16,0.32,19.61,0.65,1.57,213.43,25.67,88.46,20.59
RIG,2014-10-31,-40.35,1.81,37.1,40.95,-0.3,-0.06,30.41,-1.33,-0.49,-58.99,-16.33,60.43,289.33
FLS,2014-10-31,-10.77,1.88,30.84,64.39,0.64,0.11,21.76,-0.49,1.14,113.32,16.36,137.12,190.87
NBL,2014-10-31,-5.7,1.33,28.03,38.64,0.56,0.12,22.37,-0.25,0.67,80.95,12.59,98.81,125.88
FOSL,2014-10-31,7.56,1.75,41.05,31.31,0.88,0.21,35.42,0.21,1.06,280.32,30.63,164.55,169.45
FOXA,2014-10-31,7.31,1.13,24.09,38.09,1.07,0.23,19.04,0.38,1.77,211.24,25.49,142.84,123.51
FSLR,2014-10-31,-24.75,1.85,64.43,14.17,0.08,0.03,60.72,-0.41,0.16,-51.69,-13.54,144.14,408.62
TMO,2014-10-31,6.71,0.93,20.83,34.35,1.05,0.23,16.9,0.4,2.24,166.51,21.66,110.4,86.01
VAR,2014-10-31,1.7,0.92,21.24,32.33,0.78,0.18,17.5,0.1,1.32,105.27,15.47,78.03,65.67
WM,2014-10-31,2.81,0.75,15.92,37.9,0.94,0.2,12.99,0.22,1.26,97.77,14.61,93.2,93.65
AUXL,2014-10-31,0.09,0.67,48.87,3.23,0.22,0.16,48.27,0.0,0.5,2.26,0.45,30.03,21.03
PBF,2014-10-31,N/A,N/A,N/A,N/A,N/A,N/A,N/A,N/A,N/A,N/A,N/A,N/A,N/A
GME,2014-10-31,2.12,1.14,38.96,14.73,0.53,0.18,36.02,0.06,0.98,93.3,14.09,104.76,130.63
CEMP,2014-10-31,N/A,N/A,N/A,N/A,N/A,N/A,N/A,N/A,N/A,N/A,N/A,N/A,N/A
CAVM,2014-10-31,1.77,1.52,36.06,30.63,0.73,0.17,30.8,0.06,1.26,170.62,22.03,141.54,176.63
CHS,2014-10-31,-13.1,1.57,36.79,31.29,0.34,0.08,31.39,-0.42,0.63,35.35,6.24,113.36,238.76
CIR,2014-10-31,4.5,1.33,33.13,27.98,0.79,0.2,28.46,0.16,1.43,181.07,22.96,147.18,178.58
DTLK,2014-10-31,24.77,0.74,54.36,3.19,0.68,0.5,53.59,0.46,1.34,217.04,25.96,90.56,25.98
CPWR,2014-10-31,-6.76,1.14,26.73,31.68,0.44,0.1,22.18,-0.3,0.92,52.39,8.79,96.9,154.68
CROX,2014-10-31,19.56,0.15,42.91,0.22,0.51,1.45,44.29,0.44,0.89,92.11,13.95,59.41,66.46
CGNX,2014-10-31,16.21,1.32,31.92,29.41,1.18,0.29,27.14,0.6,2.55,408.56,38.44,138.63,50.53
CTB,2014-10-31,-2.83,1.71,39.86,31.7,0.62,0.15,34.23,-0.08,0.97,134.31,18.57,157.48,221.18
CSS,2014-10-31,-11.35,1.44,32.21,34.48,0.37,0.08,26.7,-0.43,0.78,42.45,7.33,101.88,185.99
DWA,2014-10-31,-13.18,0.8,37.82,7.69,-0.01,-0.0,36.43,-0.36,-0.01,-30.37,-6.98,15.61,75.6
DEPO,2014-10-31,21.21,1.43,51.1,13.52,0.87,0.31,47.86,0.44,1.84,395.18,37.71,192.99,182.49
DY,2014-10-31,11.48,1.13,36.92,16.16,0.81,0.26,33.85,0.34,1.39,217.71,26.01,112.9,99.28
SATS,2014-10-31,4.96,1.18,32.54,22.73,0.74,0.2,28.7,0.17,1.27,157.32,20.81,132.33,133.51
RDEN,2014-10-31,-2.92,1.22,41.34,15.07,0.41,0.14,38.2,-0.08,0.65,53.99,9.02,73.3,103.13
EBF,2014-10-31,-16.25,1.5,30.21,42.49,0.27,0.05,23.83,-0.68,0.51,20.45,3.79,111.13,209.69
FNSR,2014-10-31,0.82,1.92,57.68,19.1,0.55,0.17,53.26,0.02,1.01,124.43,17.55,133.49,184.8
BUSE,2014-10-31,-0.43,1.01,24.57,29.16,0.65,0.16,20.68,-0.02,1.44,92.39,13.98,98.33,104.38
EXTR,2014-10-31,-0.68,1.36,44.7,16.06,0.48,0.16,41.23,-0.02,0.8,80.4,12.52,106.56,129.73
FFBC,2014-10-31,-3.63,1.08,22.91,38.29,0.61,0.13,18.02,-0.2,1.02,76.08,11.98,94.18,117.29
FHCO,2014-10-31,-6.67,1.02,37.56,12.64,0.26,0.1,35.11,-0.19,0.47,16.37,3.08,65.45,130.66
FFIC,2014-10-31,3.14,0.89,21.33,30.39,0.83,0.2,17.85,0.18,1.39,116.05,16.66,99.25,101.03
FVE,2014-10-31,-6.63,1.31,46.34,13.71,0.31,0.11,43.24,-0.15,0.45,19.71,3.66,115.75,255.62
FCFS,2014-10-31,13.59,0.9,25.64,21.12,1.1,0.31,22.81,0.6,1.6,243.89,28.02,133.04,93.9
FTK,2014-10-31,49.7,1.76,78.18,8.77,1.0,0.44,75.34,0.66,2.41,1276.4,68.95,219.92,171.83
FRF,2014-10-31,N/A,N/A,N/A,N/A,N/A,N/A,N/A,N/A,N/A,N/A,N/A,N/A,N/A
GNE,2014-10-31,N/A,N/A,N/A,N/A,N/A,N/A,N/A,N/A,N/A,N/A,N/A,N/A,N/A
GERN,2014-10-31,-16.83,1.95,92.53,7.64,0.16,0.08,89.79,-0.19,0.35,-63.5,-18.26,74.19,330.53
BGC,2014-10-31,-32.98,1.56,37.59,29.59,-0.2,-0.05,32.38,-1.02,-0.29,-52.68,-13.9,63.83,290.34
GHM,2014-10-31,-5.42,1.84,38.26,40.09,0.64,0.13,31.62,-0.17,1.34,141.64,19.3,149.08,182.0
GEOS,2014-10-31,-7.34,2.38,54.32,33.23,0.58,0.13,47.96,-0.15,1.17,134.59,18.59,166.17,263.58
HNT,2014-10-31,11.65,1.07,34.68,16.38,0.84,0.27,31.73,0.37,1.41,218.65,26.08,121.9,84.29
HALO,2014-10-31,0.02,1.55,55.82,13.37,0.45,0.16,52.46,0.0,0.6,58.75,9.68,108.01,158.68
HGG,2014-10-31,-28.32,1.38,57.46,9.95,-0.1,-0.04,54.76,-0.52,-0.17,-68.59,-20.67,8.57,224.21
ONE,2014-10-31,N/A,N/A,N/A,N/A,N/A,N/A,N/A,N/A,N/A,N/A,N/A,N/A,N/A
HUN,2014-10-31,-3.25,2.29,41.4,52.89,0.82,0.15,33.1,-0.1,1.29,253.31,28.72,208.36,267.69
IACI,2014-10-31,19.04,0.61,21.94,13.47,1.32,0.47,21.03,0.91,2.64,275.81,30.31,111.42,33.98
IPI,2014-10-31,-32.34,1.79,42.27,30.89,-0.08,-0.02,36.64,-0.88,-0.12,-45.97,-11.58,69.55,238.99
IHS,2014-10-31,10.29,0.66,21.79,15.89,0.96,0.32,20.47,0.5,1.42,153.15,20.41,96.98,66.65
IBOC,2014-10-31,-9.26,1.79,32.0,54.3,0.62,0.11,24.02,-0.39,1.17,112.08,16.22,140.7,191.53
IVC,2014-10-31,-23.57,1.46,37.76,25.75,0.0,0.0,33.09,-0.71,0.0,-28.99,-6.62,90.96,259.17
LTM,2014-10-31,4.54,1.21,32.35,24.07,0.75,0.2,28.32,0.16,1.42,158.79,20.95,127.81,145.25
IPCM,2014-10-31,-9.38,1.37,36.09,24.75,0.35,0.09,31.68,-0.3,0.56,37.49,6.57,88.97,151.38
MTW,2014-10-31,-18.01,3.26,62.19,47.47,0.56,0.11,53.99,-0.33,1.07,133.93,18.53,237.5,369.27
ICPT,2014-10-31,N/A,N/A,N/A,N/A,N/A,N/A,N/A,N/A,N/A,N/A,N/A,N/A,N/A
KVHI,2014-10-31,-10.01,1.21,34.35,21.34,0.28,0.08,30.59,-0.33,0.69,23.05,4.24,101.26,184.72
IRBT,2014-10-31,1.84,1.75,46.84,24.24,0.65,0.17,41.96,0.04,1.29,167.17,21.72,184.43,240.99
LPNT,2014-10-31,4.54,1.02,24.37,29.97,0.86,0.21,20.4,0.22,1.46,147.09,19.83,113.08,117.1
KYTH,2014-10-31,N/A,N/A,N/A,N/A,N/A,N/A,N/A,N/A,N/A,N/A,N/A,N/A,N/A
LNN,2014-10-31,6.16,1.17,31.59,23.85,0.8,0.21,27.66,0.22,1.82,177.36,22.63,123.34,113.93
LDR,2014-10-31,-13.98,0.82,23.37,21.32,-0.03,-0.01,20.86,-0.67,-0.05,-15.13,-3.23,42.78,137.72
LLNW,2014-10-31,-21.17,1.54,47.97,17.81,0.08,0.03,44.06,-0.48,0.14,-30.09,-6.91,97.41,282.13
MAN,2014-10-31,-21.77,2.23,34.9,70.23,0.41,0.06,24.94,-0.87,0.71,52.93,8.87,167.06,301.44
MN,2014-10-31,N/A,N/A,N/A,N/A,N/A,N/A,N/A,N/A,N/A,N/A,N/A,N/A,N/A
SHOO,2014-10-31,3.0,1.37,35.37,25.94,0.71,0.18,30.83,0.1,1.4,161.25,21.17,125.73,135.88
EBSB,2014-10-31,-0.26,0.82,32.78,10.86,0.4,0.16,31.03,-0.01,0.33,31.86,5.69,97.3,179.43
MCHX,2014-10-31,-4.66,1.18,54.85,7.95,0.26,0.12,52.67,-0.09,0.38,-6.75,-1.39,70.76,191.99
MTDR,2014-10-31,N/A,N/A,N/A,N/A,N/A,N/A,N/A,N/A,N/A,N/A,N/A,N/A,N/A
MXWL,2014-10-31,-15.62,1.46,55.85,11.86,0.15,0.06,52.78,-0.3,0.21,-34.97,-8.25,132.6,357.82
TAXI,2014-10-31,2.75,0.94,25.59,23.42,0.71,0.19,22.41,0.12,1.28,110.52,16.05,82.65,77.15
MCRS,2014-10-31,N/A,N/A,N/A,N/A,N/A,N/A,N/A,N/A,N/A,N/A,N/A,N/A,N/A
MGM,2014-10-31,-4.39,2.02,45.3,34.49,0.63,0.14,39.06,-0.11,1.09,150.81,20.19,144.94,190.86
MYE,2014-10-31,-4.44,1.45,35.66,28.58,0.54,0.13,30.71,-0.14,1.12,93.25,14.08,97.03,126.26
NRCIA,2014-10-31,N/A,N/A,N/A,N/A,N/A,N/A,N/A,N/A,N/A,N/A,N/A,N/A,N/A
NBTB,2014-10-31,-7.2,0.99,19.93,42.79,0.45,0.09,15.07,-0.48,0.87,42.09,7.28,73.52,112.53
NWE,2014-10-31,10.65,0.68,18.5,23.2,1.17,0.32,16.76,0.64,1.86,170.45,22.02,104.39,66.52
NRIM,2014-10-31,8.58,0.56,19.65,13.91,0.9,0.32,19.14,0.45,1.61,119.47,17.02,68.03,43.02
ORA,2014-10-31,-15.65,0.95,30.4,16.86,-0.01,-0.0,27.73,-0.56,-0.01,-21.08,-4.62,43.07,128.76
PSUN,2014-10-31,-43.79,2.32,63.65,22.96,-0.1,-0.03,58.5,-0.75,-0.16,-74.83,-24.11,98.85,440.2
PDCE,2014-10-31,4.75,1.63,48.7,19.24,0.64,0.19,44.53,0.11,1.11,161.8,21.23,143.64,184.26
ORIT,2014-10-31,7.28,0.59,16.9,20.76,0.99,0.29,16.0,0.46,1.79,116.0,16.65,73.57,50.62
PWOD,2014-10-31,1.83,0.88,20.49,32.16,0.79,0.18,16.94,0.11,1.46,102.66,15.17,84.52,96.22
PKE,2014-10-31,-14.66,1.7,30.7,53.14,0.42,0.08,22.96,-0.64,0.74,53.16,8.9,120.92,203.33
PEBO,2014-10-31,8.17,1.19,36.16,18.8,0.76,0.23,32.69,0.25,1.18,186.23,23.41,122.88,101.16
PLPM,2014-10-31,-3.19,1.6,69.87,9.04,0.33,0.14,67.1,-0.05,0.8,9.03,1.74,88.18,185.26
PLXT,2014-10-31,N/A,N/A,N/A,N/A,N/A,N/A,N/A,N/A,N/A,N/A,N/A,N/A,N/A
PNM,2014-10-31,14.95,0.64,20.07,17.54,1.26,0.4,18.83,0.79,2.03,219.1,26.12,107.23,53.32
PCYC,2014-10-31,96.61,0.64,69.2,1.5,1.55,1.66,68.84,1.4,4.33,6601.03,131.86,228.71,-225.02
PLAB,2014-10-31,-5.48,1.7,37.9,34.73,0.58,0.13,31.97,-0.17,1.29,115.07,16.55,164.3,240.6
PL,2014-10-31,7.59,1.58,32.09,41.89,1.04,0.21,25.62,0.3,1.86,307.66,32.45,161.22,126.57
QLYS,2014-10-31,N/A,N/A,N/A,N/A,N/A,N/A,N/A,N/A,N/A,N/A,N/A,N/A,N/A
PPO,2014-10-31,28.4,0.38,36.99,1.85,0.94,0.9,37.53,0.76,1.86,300.73,32.0,102.2,-7.27
RSTI,2014-10-31,-27.5,2.26,41.66,50.63,0.22,0.04,33.6,-0.82,0.44,4.38,0.86,148.79,323.07
REMY,2014-10-31,N/A,N/A,N/A,N/A,N/A,N/A,N/A,N/A,N/A,N/A,N/A,N/A,N/A
RALY,2014-10-31,N/A,N/A,N/A,N/A,N/A,N/A,N/A,N/A,N/A,N/A,N/A,N/A,N/A
RH,2014-10-31,N/A,N/A,N/A,N/A,N/A,N/A,N/A,N/A,N/A,N/A,N/A,N/A,N/A
RCL,2014-10-31,-6.91,2.48,40.76,64.19,0.82,0.13,31.24,-0.22,1.55,255.36,28.86,188.6,211.68
RUTH,2014-10-31,19.09,1.1,43.89,10.81,0.84,0.34,41.47,0.46,1.49,300.05,31.95,132.28,82.0
RGLD,2014-10-31,7.74,0.43,41.86,1.82,0.35,0.34,42.15,0.18,0.68,36.22,6.38,26.5,16.39
SFE,2014-10-31,-4.52,1.41,29.25,40.29,0.63,0.13,23.24,-0.19,1.33,104.83,15.42,119.81,151.72
SFL,2014-10-31,2.31,1.23,31.26,26.74,0.71,0.18,26.93,0.09,0.98,136.96,18.83,140.88,185.74
SYBT,2014-10-31,-0.56,0.81,17.36,37.34,0.72,0.16,13.97,-0.04,1.34,74.13,11.73,76.33,78.55
SGA,2014-10-31,9.7,1.76,44.6,27.04,0.86,0.22,39.4,0.25,2.2,333.98,34.12,174.71,159.01
SGK,2014-10-31,N/A,N/A,N/A,N/A,N/A,N/A,N/A,N/A,N/A,N/A,N/A,N/A,N/A
SMG,2014-10-31,-2.72,0.93,21.7,31.91,0.57,0.13,17.93,-0.15,0.95,66.04,10.67,94.79,121.32
SLAB,2014-10-31,-10.7,1.0,28.58,21.33,0.2,0.06,25.35,-0.42,0.33,8.81,1.7,74.43,165.79
SM,2014-10-31,-3.93,1.29,37.48,20.44,0.45,0.13,33.65,-0.12,0.74,66.48,10.73,91.43,152.32
SIMG,2014-10-31,2.99,1.53,43.62,21.19,0.64,0.18,39.34,0.08,1.25,154.03,20.5,159.23,236.19
STNR,2014-10-31,-12.07,1.13,27.02,30.05,0.23,0.06,22.66,-0.53,0.36,14.12,2.68,72.9,150.41
SON,2014-10-31,-0.88,0.88,16.78,47.2,0.8,0.15,12.3,-0.07,1.18,81.98,12.72,86.53,95.79
SSI,2014-10-31,-3.13,1.18,36.19,18.28,0.44,0.14,32.8,-0.1,0.61,59.32,9.76,103.54,177.76
SCS,2014-10-31,14.02,1.08,36.24,15.46,0.87,0.29,33.34,0.42,1.65,252.43,28.65,134.34,115.83
SRDX,2014-10-31,-16.07,1.26,40.21,17.01,0.11,0.04,36.79,-0.44,0.2,-15.46,-3.3,105.35,221.63
TICC,2014-10-31,13.68,0.67,20.84,17.93,1.18,0.37,19.37,0.71,2.02,205.51,25.03,100.12,45.17
SNHY,2014-10-31,-6.58,2.36,42.7,52.96,0.75,0.13,34.34,-0.19,1.36,214.74,25.77,196.25,244.3
TGTX,2014-10-31,N/A,N/A,N/A,N/A,N/A,N/A,N/A,N/A,N/A,N/A,N/A,N/A,N/A
SYNA,2014-10-31,1.28,1.82,42.5,31.63,0.73,0.17,36.75,0.03,1.5,204.13,24.91,179.13,222.96
TEAR,2014-10-31,1.66,3.16,101.7,16.69,0.52,0.17,97.08,0.02,1.64,138.84,19.02,185.92,232.15
TSYS,2014-10-31,-34.54,1.48,49.65,15.27,-0.21,-0.07,46.13,-0.75,-0.38,-67.79,-20.27,78.45,331.06
TKR,2014-10-31,-8.94,2.01,40.83,41.67,0.58,0.12,33.87,-0.26,0.88,113.96,16.43,157.6,233.62
VRA,2014-10-31,N/A,N/A,N/A,N/A,N/A,N/A,N/A,N/A,N/A,N/A,N/A,N/A,N/A
EGY,2014-10-31,-3.07,1.46,45.2,18.1,0.46,0.14,41.35,-0.07,0.95,74.18,11.74,107.87,189.11
VNDA,2014-10-31,-6.36,1.89,71.82,11.97,0.34,0.13,68.39,-0.09,0.91,17.75,3.32,139.68,296.81
VVI,2014-10-31,-7.94,1.6,35.81,34.49,0.5,0.11,30.03,-0.26,0.89,80.74,12.57,135.37,232.79
XOXO,2014-10-31,-8.74,1.11,34.3,17.97,0.27,0.08,31.1,-0.28,0.47,19.31,3.59,90.51,181.22
ZIGO,2014-10-31,N/A,N/A,N/A,N/A,N/A,N/A,N/A,N/A,N/A,N/A,N/A,N/A,N/A
AKAM,2014-10-31,10.75,1.02,38.58,12.06,0.71,0.27,36.18,0.3,1.3,174.09,22.34,121.34,108.98
C,2014-10-31,-17.56,1.74,32.4,49.6,0.33,0.06,24.95,-0.7,0.5,31.37,5.61,120.13,224.89
DHI,2014-10-31,-3.18,1.48,32.06,36.7,0.65,0.14,26.27,-0.12,1.19,119.37,17.01,130.48,158.01
EXC,2014-10-31,-5.83,0.47,19.56,9.86,0.09,0.04,19.84,-0.29,0.11,-0.55,-0.11,22.87,50.5
FFIV,2014-10-31,-1.3,1.86,42.83,32.5,0.67,0.16,36.95,-0.04,1.26,173.96,22.33,136.81,159.62
FITB,2014-10-31,1.82,1.21,26.53,35.66,0.81,0.18,21.45,0.08,1.43,146.05,19.73,111.63,95.56
GLW,2014-10-31,-15.71,1.77,30.25,59.18,0.43,0.07,21.82,-0.72,0.87,53.75,8.98,147.21,250.56
LB,2014-10-31,21.2,1.13,28.07,28.2,1.41,0.35,23.85,0.89,2.81,487.46,42.49,159.58,88.08
MO,2014-10-31,18.29,0.51,15.17,19.63,1.75,0.52,15.04,1.22,3.21,253.71,28.74,100.89,9.09
OKE,2014-10-31,13.17,0.98,25.61,25.44,1.14,0.3,22.12,0.6,2.41,263.03,29.42,118.99,59.61
ORCL,2014-10-31,-6.55,1.41,25.2,54.24,0.65,0.12,17.89,-0.37,1.1,94.29,14.21,123.06,153.91
TXT,2014-10-31,-5.16,1.76,35.56,42.44,0.66,0.13,28.78,-0.18,1.04,137.43,18.88,150.07,204.02
AON,2014-10-31,3.49,0.94,17.85,48.42,1.06,0.2,12.84,0.27,1.81,136.7,18.81,99.43,84.7
CVX,2014-10-31,-4.33,1.12,18.38,63.83,0.75,0.12,11.16,-0.39,1.39,83.84,12.95,106.79,139.2
AFL,2014-10-31,-11.91,1.53,25.91,60.07,0.5,0.08,17.79,-0.67,0.82,62.46,10.19,108.32,152.08
BTU,2014-10-31,N/A,N/A,N/A,N/A,N/A,N/A,N/A,N/A,N/A,N/A,N/A,N/A,N/A
PM,2014-10-31,3.7,0.91,19.27,38.9,0.96,0.2,15.11,0.24,2.04,130.21,18.15,94.28,71.59
WYNN,2014-10-31,14.25,1.47,34.29,31.57,1.11,0.26,29.02,0.49,1.69,392.75,37.57,152.78,81.85
STJ,2014-10-31,-3.78,1.32,26.8,42.07,0.66,0.13,20.83,-0.18,1.13,103.19,15.23,120.3,155.73
BSET,2014-10-31,27.25,1.09,47.36,9.12,0.95,0.41,45.16,0.6,2.62,473.88,41.83,166.12,59.45
WWD,2014-10-31,-3.39,1.51,31.19,40.29,0.68,0.14,25.0,-0.14,1.33,127.17,17.83,113.04,132.29
CIX,2014-10-31,2.86,1.04,40.43,11.46,0.49,0.19,38.04,0.08,1.09,83.27,12.88,88.09,103.31
CNQR,2014-10-31,19.41,0.66,29.95,8.48,1.01,0.45,28.99,0.67,1.44,260.04,29.2,95.29,1.69
CNMD,2014-10-31,-5.62,1.4,25.85,50.33,0.66,0.12,18.94,-0.3,1.47,100.06,14.88,120.36,153.01
CNOB,2014-10-31,N/A,N/A,N/A,N/A,N/A,N/A,N/A,N/A,N/A,N/A,N/A,N/A,N/A
CREE,2014-10-31,-20.92,1.55,44.92,20.47,0.09,0.03,40.7,-0.51,0.16,-25.23,-5.65,68.59,241.38
CNP,2014-10-31,11.49,0.46,15.73,14.82,1.21,0.41,16.15,0.71,2.41,142.34,19.37,74.02,13.92
DHR,2014-10-31,0.09,1.17,18.22,70.83,1.04,0.16,10.08,0.01,2.37,138.3,18.97,119.99,126.99
F,2014-10-31,-4.36,1.54,32.78,38.1,0.63,0.13,26.75,-0.16,1.32,117.35,16.8,133.03,189.99
DGII,2014-10-31,-17.79,1.44,31.55,36.02,0.18,0.04,25.89,-0.69,0.32,4.15,0.82,97.4,211.4
GPC,2014-10-31,13.05,0.73,15.12,40.41,1.65,0.34,12.19,1.07,3.83,226.21,26.68,101.49,34.94
IVZ,2014-10-31,-16.41,2.11,30.5,82.56,0.58,0.08,19.35,-0.85,0.91,93.91,14.16,166.31,249.7
JPM,2014-10-31,-11.93,1.55,26.78,57.57,0.49,0.09,18.86,-0.63,0.68,61.47,10.06,130.83,212.58
KEY,2014-10-31,1.86,1.31,27.57,38.96,0.84,0.18,21.92,0.08,1.63,164.3,21.46,127.94,113.96
KMX,2014-10-31,-1.18,1.78,38.31,37.37,0.72,0.16,32.01,-0.04,1.84,184.24,23.24,158.04,190.15
SHW,2014-10-31,21.65,0.58,17.19,19.76,1.81,0.53,16.35,1.32,3.29,334.33,34.14,109.58,7.32
SRCL,2014-10-31,14.31,0.27,14.66,5.76,1.27,0.7,17.18,0.83,2.56,140.6,19.19,62.09,0.48
SPLS,2014-10-31,-26.24,1.42,30.81,36.85,-0.1,-0.02,25.11,-1.05,-0.16,-32.57,-7.58,60.97,214.54
TWC,2014-10-31,17.03,0.87,21.35,28.88,1.46,0.36,18.08,0.94,3.34,321.04,33.31,126.88,59.46
TSO,2014-10-31,11.39,1.9,43.38,33.19,0.97,0.22,37.39,0.3,2.23,426.32,39.4,223.95,255.55
WFM,2014-10-31,13.23,0.6,29.72,7.14,0.78,0.38,29.11,0.45,1.1,153.9,20.48,80.81,58.4
EOPN,2014-10-31,N/A,N/A,N/A,N/A,N/A,N/A,N/A,N/A,N/A,N/A,N/A,N/A,N/A
EWBC,2014-10-31,6.64,1.77,36.97,39.73,0.96,0.2,30.45,0.22,2.91,337.8,34.36,164.47,121.42
ELX,2014-10-31,-27.73,1.49,42.05,21.74,-0.08,-0.02,37.76,-0.73,-0.16,-43.96,-10.94,43.78,194.41
EIG,2014-10-31,-7.92,1.24,30.09,29.3,0.41,0.1,25.5,-0.31,0.51,47.01,8.01,108.39,180.96
ESL,2014-10-31,-0.0,1.53,28.96,48.12,0.86,0.16,21.99,-0.0,1.13,178.1,22.7,149.02,160.66
FLXS,2014-10-31,28.29,0.46,31.32,3.65,1.14,0.78,31.56,0.9,2.12,363.99,35.93,95.13,-17.72
FTNT,2014-10-31,N/A,N/A,N/A,N/A,N/A,N/A,N/A,N/A,N/A,N/A,N/A,N/A,N/A
FRED,2014-10-31,-3.29,0.89,27.67,18.04,0.41,0.13,25.09,-0.13,0.6,45.14,7.74,68.58,106.7
GBCI,2014-10-31,-1.57,1.54,29.9,45.63,0.78,0.15,23.14,-0.07,1.33,157.99,20.87,139.35,160.43
GPN,2014-10-31,-5.58,1.13,23.58,39.43,0.54,0.11,18.42,-0.3,0.86,64.87,10.52,92.92,139.1
GSOL,2014-10-31,-12.78,1.52,42.27,22.41,0.28,0.08,37.86,-0.34,0.5,18.42,3.44,130.0,287.35
HLS,2014-10-31,-2.8,1.77,31.59,54.39,0.82,0.15,23.63,-0.12,1.2,183.44,23.17,158.03,180.37
HTCO,2014-10-31,N/A,N/A,N/A,N/A,N/A,N/A,N/A,N/A,N/A,N/A,N/A,N/A,N/A
INTX,2014-10-31,4.2,0.72,60.95,2.39,0.26,0.22,60.33,0.07,0.52,-1.55,-0.31,60.89,156.25
COLM,2014-10-31,-1.36,1.31,27.47,39.05,0.72,0.15,21.82,-0.06,1.68,124.83,17.59,113.82,138.86
CWCO,2014-10-31,-14.09,1.14,33.95,19.39,0.13,0.04,30.54,-0.46,0.22,-6.03,-1.24,83.34,174.99
CFR,2014-10-31,2.06,0.82,15.51,47.88,0.99,0.19,11.45,0.18,1.75,102.67,15.17,82.52,75.99
CYNI,2014-10-31,N/A,N/A,N/A,N/A,N/A,N/A,N/A,N/A,N/A,N/A,N/A,N/A,N/A
DISH,2014-10-31,17.93,1.01,29.2,20.69,1.18,0.34,26.0,0.69,2.15,347.72,34.96,140.91,55.95
FULT,2014-10-31,-7.99,1.24,23.43,48.22,0.52,0.1,17.15,-0.47,0.96,60.97,9.99,99.39,134.03
GEF,2014-10-31,-15.47,1.08,23.28,37.21,0.09,0.02,18.48,-0.84,0.11,-3.29,-0.67,73.36,171.55
